taxonIdVerbatim,scientificNameVerbatim,resolvedTaxonId,resolvedTaxonName,parentTaxonId,family,phylum,traitIdVerbatim,traitNameVerbatim,bucketId,bucketName,counts,datasetId,numberOfRecords,curator,accessDate,comment,relationName,resolvedExternalId,resolvedName,resolvedRank,resolvedCommonNames,resolvedPath,resolvedPathIds,resolvedPathNames,resolvedExternalUrl,resolveKingdomName,resolvedPhylumName,resolvedFamilyName,providedTraitName,resolvedTraitName
,Abatus cordatus,,,,Schizasteridae,Echinodermata,,[E_G],,,,https://opentraits.org/datasets/amp,1,https://opentraits.org/members/brian-s-maitner,2022-08-18,,HAS_ACCEPTED_NAME,COL:63YSM,Abatus cordatus,species,,Biota | Animalia | Echinodermata | Echinozoa | Echinoidea | Euechinoidea | Irregularia | Atelostomata | Spatangoida | Paleopneustina | Schizasteridae | Abatus | Abatus cordatus,COL:5T6MX | COL:N | COL:CHN | COL:7NF2T | COL:622CV | COL:7NF58 | COL:7ZFKG | COL:7NF5V | COL:7NFFZ | COL:844H8 | COL:7NKY3 | COL:7NMD5 | COL:63YSM,unranked | kingdom | phylum | subphylum | class | subclass | infraclass | superorder | order | suborder | family | genus | species,https://www.catalogueoflife.org/data/taxon/63YSM,Animalia,Echinodermata,Schizasteridae,[E_G],UNCATEGORIZED_TRAIT
,Abatus cordatus,,,,Schizasteridae,Echinodermata,,[p_M],,,,https://opentraits.org/datasets/amp,1,https://opentraits.org/members/brian-s-maitner,2022-08-18,,HAS_ACCEPTED_NAME,COL:63YSM,Abatus cordatus,species,,Biota | Animalia | Echinodermata | Echinozoa | Echinoidea | Euechinoidea | Irregularia | Atelostomata | Spatangoida | Paleopneustina | Schizasteridae | Abatus | Abatus cordatus,COL:5T6MX | COL:N | COL:CHN | COL:7NF2T | COL:622CV | COL:7NF58 | COL:7ZFKG | COL:7NF5V | COL:7NFFZ | COL:844H8 | COL:7NKY3 | COL:7NMD5 | COL:63YSM,unranked | kingdom | phylum | subphylum | class | subclass | infraclass | superorder | order | suborder | family | genus | species,https://www.catalogueoflife.org/data/taxon/63YSM,Animalia,Echinodermata,Schizasteridae,[p_M],UNCATEGORIZED_TRAIT
,Abatus cordatus,,,,Schizasteridae,Echinodermata,,{F_m},,,,https://opentraits.org/datasets/amp,1,https://opentraits.org/members/brian-s-maitner,2022-08-18,,HAS_ACCEPTED_NAME,COL:63YSM,Abatus cordatus,species,,Biota | Animalia | Echinodermata | Echinozoa | Echinoidea | Euechinoidea | Irregularia | Atelostomata | Spatangoida | Paleopneustina | Schizasteridae | Abatus | Abatus cordatus,COL:5T6MX | COL:N | COL:CHN | COL:7NF2T | COL:622CV | COL:7NF58 | COL:7ZFKG | COL:7NF5V | COL:7NFFZ | COL:844H8 | COL:7NKY3 | COL:7NMD5 | COL:63YSM,unranked | kingdom | phylum | subphylum | class | subclass | infraclass | superorder | order | suborder | family | genus | species,https://www.catalogueoflife.org/data/taxon/63YSM,Animalia,Echinodermata,Schizasteridae,{F_m},UNCATEGORIZED_TRAIT
,Abatus cordatus,,,,Schizasteridae,Echinodermata,,{p_Am},,,,https://opentraits.org/datasets/amp,1,https://opentraits.org/members/brian-s-maitner,2022-08-18,,HAS_ACCEPTED_NAME,COL:63YSM,Abatus cordatus,species,,Biota | Animalia | Echinodermata | Echinozoa | Echinoidea | Euechinoidea | Irregularia | Atelostomata | Spatangoida | Paleopneustina | Schizasteridae | Abatus | Abatus cordatus,COL:5T6MX | COL:N | COL:CHN | COL:7NF2T | COL:622CV | COL:7NF58 | COL:7ZFKG | COL:7NF5V | COL:7NFFZ | COL:844H8 | COL:7NKY3 | COL:7NMD5 | COL:63YSM,unranked | kingdom | phylum | subphylum | class | subclass | infraclass | superorder | order | suborder | family | genus | species,https://www.catalogueoflife.org/data/taxon/63YSM,Animalia,Echinodermata,Schizasteridae,{p_Am},{p_Am}
,Abatus cordatus,,,,Schizasteridae,Echinodermata,,{p_T},,,,https://opentraits.org/datasets/amp,1,https://opentraits.org/members/brian-s-maitner,2022-08-18,,HAS_ACCEPTED_NAME,COL:63YSM,Abatus cordatus,species,,Biota | Animalia | Echinodermata | Echinozoa | Echinoidea | Euechinoidea | Irregularia | Atelostomata | Spatangoida | Paleopneustina | Schizasteridae | Abatus | Abatus cordatus,COL:5T6MX | COL:N | COL:CHN | COL:7NF2T | COL:622CV | COL:7NF58 | COL:7ZFKG | COL:7NF5V | COL:7NFFZ | COL:844H8 | COL:7NKY3 | COL:7NMD5 | COL:63YSM,unranked | kingdom | phylum | subphylum | class | subclass | infraclass | superorder | order | suborder | family | genus | species,https://www.catalogueoflife.org/data/taxon/63YSM,Animalia,Echinodermata,Schizasteridae,{p_T},UNCATEGORIZED_TRAIT
,Abatus cordatus,,,,Schizasteridae,Echinodermata,,allocation fraction to soma,,,,https://opentraits.org/datasets/amp,1,https://opentraits.org/members/brian-s-maitner,2022-08-18,,HAS_ACCEPTED_NAME,COL:63YSM,Abatus cordatus,species,,Biota | Animalia | Echinodermata | Echinozoa | Echinoidea | Euechinoidea | Irregularia | Atelostomata | Spatangoida | Paleopneustina | Schizasteridae | Abatus | Abatus cordatus,COL:5T6MX | COL:N | COL:CHN | COL:7NF2T | COL:622CV | COL:7NF58 | COL:7ZFKG | COL:7NF5V | COL:7NFFZ | COL:844H8 | COL:7NKY3 | COL:7NMD5 | COL:63YSM,unranked | kingdom | phylum | subphylum | class | subclass | infraclass | superorder | order | suborder | family | genus | species,https://www.catalogueoflife.org/data/taxon/63YSM,Animalia,Echinodermata,Schizasteridae,allocation fraction to soma,UNCATEGORIZED_TRAIT
,Abatus cordatus,,,,Schizasteridae,Echinodermata,,Arrhenius temperature,,,,https://opentraits.org/datasets/amp,1,https://opentraits.org/members/brian-s-maitner,2022-08-18,,HAS_ACCEPTED_NAME,COL:63YSM,Abatus cordatus,species,,Biota | Animalia | Echinodermata | Echinozoa | Echinoidea | Euechinoidea | Irregularia | Atelostomata | Spatangoida | Paleopneustina | Schizasteridae | Abatus | Abatus cordatus,COL:5T6MX | COL:N | COL:CHN | COL:7NF2T | COL:622CV | COL:7NF58 | COL:7ZFKG | COL:7NF5V | COL:7NFFZ | COL:844H8 | COL:7NKY3 | COL:7NMD5 | COL:63YSM,unranked | kingdom | phylum | subphylum | class | subclass | infraclass | superorder | order | suborder | family | genus | species,https://www.catalogueoflife.org/data/taxon/63YSM,Animalia,Echinodermata,Schizasteridae,Arrhenius temperature,UNCATEGORIZED_TRAIT
,Abatus cordatus,,,,Schizasteridae,Echinodermata,,digestion efficiency of food to reserve,,,,https://opentraits.org/datasets/amp,1,https://opentraits.org/members/brian-s-maitner,2022-08-18,,HAS_ACCEPTED_NAME,COL:63YSM,Abatus cordatus,species,,Biota | Animalia | Echinodermata | Echinozoa | Echinoidea | Euechinoidea | Irregularia | Atelostomata | Spatangoida | Paleopneustina | Schizasteridae | Abatus | Abatus cordatus,COL:5T6MX | COL:N | COL:CHN | COL:7NF2T | COL:622CV | COL:7NF58 | COL:7ZFKG | COL:7NF5V | COL:7NFFZ | COL:844H8 | COL:7NKY3 | COL:7NMD5 | COL:63YSM,unranked | kingdom | phylum | subphylum | class | subclass | infraclass | superorder | order | suborder | family | genus | species,https://www.catalogueoflife.org/data/taxon/63YSM,Animalia,Echinodermata,Schizasteridae,digestion efficiency of food to reserve,UNCATEGORIZED_TRAIT
,Abatus cordatus,,,,Schizasteridae,Echinodermata,,energy conductance,,,,https://opentraits.org/datasets/amp,1,https://opentraits.org/members/brian-s-maitner,2022-08-18,,HAS_ACCEPTED_NAME,COL:63YSM,Abatus cordatus,species,,Biota | Animalia | Echinodermata | Echinozoa | Echinoidea | Euechinoidea | Irregularia | Atelostomata | Spatangoida | Paleopneustina | Schizasteridae | Abatus | Abatus cordatus,COL:5T6MX | COL:N | COL:CHN | COL:7NF2T | COL:622CV | COL:7NF58 | COL:7ZFKG | COL:7NF5V | COL:7NFFZ | COL:844H8 | COL:7NKY3 | COL:7NMD5 | COL:63YSM,unranked | kingdom | phylum | subphylum | class | subclass | infraclass | superorder | order | suborder | family | genus | species,https://www.catalogueoflife.org/data/taxon/63YSM,Animalia,Echinodermata,Schizasteridae,energy conductance,UNCATEGORIZED_TRAIT
,Abatus cordatus,,,,Schizasteridae,Echinodermata,,faecation efficiency of food to faeces,,,,https://opentraits.org/datasets/amp,1,https://opentraits.org/members/brian-s-maitner,2022-08-18,,HAS_ACCEPTED_NAME,COL:63YSM,Abatus cordatus,species,,Biota | Animalia | Echinodermata | Echinozoa | Echinoidea | Euechinoidea | Irregularia | Atelostomata | Spatangoida | Paleopneustina | Schizasteridae | Abatus | Abatus cordatus,COL:5T6MX | COL:N | COL:CHN | COL:7NF2T | COL:622CV | COL:7NF58 | COL:7ZFKG | COL:7NF5V | COL:7NFFZ | COL:844H8 | COL:7NKY3 | COL:7NMD5 | COL:63YSM,unranked | kingdom | phylum | subphylum | class | subclass | infraclass | superorder | order | suborder | family | genus | species,https://www.catalogueoflife.org/data/taxon/63YSM,Animalia,Echinodermata,Schizasteridae,faecation efficiency of food to faeces,UNCATEGORIZED_TRAIT
,Abatus cordatus,,,,Schizasteridae,Echinodermata,,Gompertz stress coefficient,,,,https://opentraits.org/datasets/amp,1,https://opentraits.org/members/brian-s-maitner,2022-08-18,,HAS_ACCEPTED_NAME,COL:63YSM,Abatus cordatus,species,,Biota | Animalia | Echinodermata | Echinozoa | Echinoidea | Euechinoidea | Irregularia | Atelostomata | Spatangoida | Paleopneustina | Schizasteridae | Abatus | Abatus cordatus,COL:5T6MX | COL:N | COL:CHN | COL:7NF2T | COL:622CV | COL:7NF58 | COL:7ZFKG | COL:7NF5V | COL:7NFFZ | COL:844H8 | COL:7NKY3 | COL:7NMD5 | COL:63YSM,unranked | kingdom | phylum | subphylum | class | subclass | infraclass | superorder | order | suborder | family | genus | species,https://www.catalogueoflife.org/data/taxon/63YSM,Animalia,Echinodermata,Schizasteridae,Gompertz stress coefficient,UNCATEGORIZED_TRAIT
,Abatus cordatus,,,,Schizasteridae,Echinodermata,,maturity at birth,,,,https://opentraits.org/datasets/amp,1,https://opentraits.org/members/brian-s-maitner,2022-08-18,,HAS_ACCEPTED_NAME,COL:63YSM,Abatus cordatus,species,,Biota | Animalia | Echinodermata | Echinozoa | Echinoidea | Euechinoidea | Irregularia | Atelostomata | Spatangoida | Paleopneustina | Schizasteridae | Abatus | Abatus cordatus,COL:5T6MX | COL:N | COL:CHN | COL:7NF2T | COL:622CV | COL:7NF58 | COL:7ZFKG | COL:7NF5V | COL:7NFFZ | COL:844H8 | COL:7NKY3 | COL:7NMD5 | COL:63YSM,unranked | kingdom | phylum | subphylum | class | subclass | infraclass | superorder | order | suborder | family | genus | species,https://www.catalogueoflife.org/data/taxon/63YSM,Animalia,Echinodermata,Schizasteridae,maturity at birth,UNCATEGORIZED_TRAIT
,Abatus cordatus,,,,Schizasteridae,Echinodermata,,maturity at metamorphosis,,,,https://opentraits.org/datasets/amp,1,https://opentraits.org/members/brian-s-maitner,2022-08-18,,HAS_ACCEPTED_NAME,COL:63YSM,Abatus cordatus,species,,Biota | Animalia | Echinodermata | Echinozoa | Echinoidea | Euechinoidea | Irregularia | Atelostomata | Spatangoida | Paleopneustina | Schizasteridae | Abatus | Abatus cordatus,COL:5T6MX | COL:N | COL:CHN | COL:7NF2T | COL:622CV | COL:7NF58 | COL:7ZFKG | COL:7NF5V | COL:7NFFZ | COL:844H8 | COL:7NKY3 | COL:7NMD5 | COL:63YSM,unranked | kingdom | phylum | subphylum | class | subclass | infraclass | superorder | order | suborder | family | genus | species,https://www.catalogueoflife.org/data/taxon/63YSM,Animalia,Echinodermata,Schizasteridae,maturity at metamorphosis,UNCATEGORIZED_TRAIT
,Abatus cordatus,,,,Schizasteridae,Echinodermata,,maturity at puberty,,,,https://opentraits.org/datasets/amp,1,https://opentraits.org/members/brian-s-maitner,2022-08-18,,HAS_ACCEPTED_NAME,COL:63YSM,Abatus cordatus,species,,Biota | Animalia | Echinodermata | Echinozoa | Echinoidea | Euechinoidea | Irregularia | Atelostomata | Spatangoida | Paleopneustina | Schizasteridae | Abatus | Abatus cordatus,COL:5T6MX | COL:N | COL:CHN | COL:7NF2T | COL:622CV | COL:7NF58 | COL:7ZFKG | COL:7NF5V | COL:7NFFZ | COL:844H8 | COL:7NKY3 | COL:7NMD5 | COL:63YSM,unranked | kingdom | phylum | subphylum | class | subclass | infraclass | superorder | order | suborder | family | genus | species,https://www.catalogueoflife.org/data/taxon/63YSM,Animalia,Echinodermata,Schizasteridae,maturity at puberty,UNCATEGORIZED_TRAIT
,Abatus cordatus,,,,Schizasteridae,Echinodermata,,maturity maint rate coefficient,,,,https://opentraits.org/datasets/amp,1,https://opentraits.org/members/brian-s-maitner,2022-08-18,,HAS_ACCEPTED_NAME,COL:63YSM,Abatus cordatus,species,,Biota | Animalia | Echinodermata | Echinozoa | Echinoidea | Euechinoidea | Irregularia | Atelostomata | Spatangoida | Paleopneustina | Schizasteridae | Abatus | Abatus cordatus,COL:5T6MX | COL:N | COL:CHN | COL:7NF2T | COL:622CV | COL:7NF58 | COL:7ZFKG | COL:7NF5V | COL:7NFFZ | COL:844H8 | COL:7NKY3 | COL:7NMD5 | COL:63YSM,unranked | kingdom | phylum | subphylum | class | subclass | infraclass | superorder | order | suborder | family | genus | species,https://www.catalogueoflife.org/data/taxon/63YSM,Animalia,Echinodermata,Schizasteridae,maturity maint rate coefficient,UNCATEGORIZED_TRAIT
,Abatus cordatus,,,,Schizasteridae,Echinodermata,,Reference temperature,,,,https://opentraits.org/datasets/amp,1,https://opentraits.org/members/brian-s-maitner,2022-08-18,,HAS_ACCEPTED_NAME,COL:63YSM,Abatus cordatus,species,,Biota | Animalia | Echinodermata | Echinozoa | Echinoidea | Euechinoidea | Irregularia | Atelostomata | Spatangoida | Paleopneustina | Schizasteridae | Abatus | Abatus cordatus,COL:5T6MX | COL:N | COL:CHN | COL:7NF2T | COL:622CV | COL:7NF58 | COL:7ZFKG | COL:7NF5V | COL:7NFFZ | COL:844H8 | COL:7NKY3 | COL:7NMD5 | COL:63YSM,unranked | kingdom | phylum | subphylum | class | subclass | infraclass | superorder | order | suborder | family | genus | species,https://www.catalogueoflife.org/data/taxon/63YSM,Animalia,Echinodermata,Schizasteridae,Reference temperature,UNCATEGORIZED_TRAIT
,Abatus cordatus,,,,Schizasteridae,Echinodermata,,reproduction efficiency,,,,https://opentraits.org/datasets/amp,1,https://opentraits.org/members/brian-s-maitner,2022-08-18,,HAS_ACCEPTED_NAME,COL:63YSM,Abatus cordatus,species,,Biota | Animalia | Echinodermata | Echinozoa | Echinoidea | Euechinoidea | Irregularia | Atelostomata | Spatangoida | Paleopneustina | Schizasteridae | Abatus | Abatus cordatus,COL:5T6MX | COL:N | COL:CHN | COL:7NF2T | COL:622CV | COL:7NF58 | COL:7ZFKG | COL:7NF5V | COL:7NFFZ | COL:844H8 | COL:7NKY3 | COL:7NMD5 | COL:63YSM,unranked | kingdom | phylum | subphylum | class | subclass | infraclass | superorder | order | suborder | family | genus | species,https://www.catalogueoflife.org/data/taxon/63YSM,Animalia,Echinodermata,Schizasteridae,reproduction efficiency,Reproduction
,Abatus cordatus,,,,Schizasteridae,Echinodermata,,scaled functional response,,,,https://opentraits.org/datasets/amp,1,https://opentraits.org/members/brian-s-maitner,2022-08-18,,HAS_ACCEPTED_NAME,COL:63YSM,Abatus cordatus,species,,Biota | Animalia | Echinodermata | Echinozoa | Echinoidea | Euechinoidea | Irregularia | Atelostomata | Spatangoida | Paleopneustina | Schizasteridae | Abatus | Abatus cordatus,COL:5T6MX | COL:N | COL:CHN | COL:7NF2T | COL:622CV | COL:7NF58 | COL:7ZFKG | COL:7NF5V | COL:7NFFZ | COL:844H8 | COL:7NKY3 | COL:7NMD5 | COL:63YSM,unranked | kingdom | phylum | subphylum | class | subclass | infraclass | superorder | order | suborder | family | genus | species,https://www.catalogueoflife.org/data/taxon/63YSM,Animalia,Echinodermata,Schizasteridae,scaled functional response,UNCATEGORIZED_TRAIT
,Abatus cordatus,,,,Schizasteridae,Echinodermata,,shape coefficient,,,,https://opentraits.org/datasets/amp,1,https://opentraits.org/members/brian-s-maitner,2022-08-18,,HAS_ACCEPTED_NAME,COL:63YSM,Abatus cordatus,species,,Biota | Animalia | Echinodermata | Echinozoa | Echinoidea | Euechinoidea | Irregularia | Atelostomata | Spatangoida | Paleopneustina | Schizasteridae | Abatus | Abatus cordatus,COL:5T6MX | COL:N | COL:CHN | COL:7NF2T | COL:622CV | COL:7NF58 | COL:7ZFKG | COL:7NF5V | COL:7NFFZ | COL:844H8 | COL:7NKY3 | COL:7NMD5 | COL:63YSM,unranked | kingdom | phylum | subphylum | class | subclass | infraclass | superorder | order | suborder | family | genus | species,https://www.catalogueoflife.org/data/taxon/63YSM,Animalia,Echinodermata,Schizasteridae,shape coefficient,Morphology
,Abatus cordatus,,,,Schizasteridae,Echinodermata,,shape coefficient for egg/larva,,,,https://opentraits.org/datasets/amp,1,https://opentraits.org/members/brian-s-maitner,2022-08-18,,HAS_ACCEPTED_NAME,COL:63YSM,Abatus cordatus,species,,Biota | Animalia | Echinodermata | Echinozoa | Echinoidea | Euechinoidea | Irregularia | Atelostomata | Spatangoida | Paleopneustina | Schizasteridae | Abatus | Abatus cordatus,COL:5T6MX | COL:N | COL:CHN | COL:7NF2T | COL:622CV | COL:7NF58 | COL:7ZFKG | COL:7NF5V | COL:7NFFZ | COL:844H8 | COL:7NKY3 | COL:7NMD5 | COL:63YSM,unranked | kingdom | phylum | subphylum | class | subclass | infraclass | superorder | order | suborder | family | genus | species,https://www.catalogueoflife.org/data/taxon/63YSM,Animalia,Echinodermata,Schizasteridae,shape coefficient for egg/larva,Morphology
,Abatus cordatus,,,,Schizasteridae,Echinodermata,,Weibull aging acceleration,,,,https://opentraits.org/datasets/amp,1,https://opentraits.org/members/brian-s-maitner,2022-08-18,,HAS_ACCEPTED_NAME,COL:63YSM,Abatus cordatus,species,,Biota | Animalia | Echinodermata | Echinozoa | Echinoidea | Euechinoidea | Irregularia | Atelostomata | Spatangoida | Paleopneustina | Schizasteridae | Abatus | Abatus cordatus,COL:5T6MX | COL:N | COL:CHN | COL:7NF2T | COL:622CV | COL:7NF58 | COL:7ZFKG | COL:7NF5V | COL:7NFFZ | COL:844H8 | COL:7NKY3 | COL:7NMD5 | COL:63YSM,unranked | kingdom | phylum | subphylum | class | subclass | infraclass | superorder | order | suborder | family | genus | species,https://www.catalogueoflife.org/data/taxon/63YSM,Animalia,Echinodermata,Schizasteridae,Weibull aging acceleration,UNCATEGORIZED_TRAIT
,Abra segmentum,,,,Semelidae,Mollusca,,[E_G],,,,https://opentraits.org/datasets/amp,1,https://opentraits.org/members/brian-s-maitner,2022-08-18,,HAS_ACCEPTED_NAME,COL:8LGV,Abra segmentum,species,,Biota | Animalia | Mollusca | Bivalvia | Autobranchia | Heteroconchia | Euheterodonta | Imparidentia | Cardiida | Tellinoidea | Semelidae | Abra | Abra segmentum,COL:5T6MX | COL:N | COL:M2L | COL:7NF3C | COL:7NVXG | COL:7NVXR | COL:7VBDP | COL:7NVY2 | COL:7NG2C | COL:7NFRM | COL:7NKZK | COL:7NMF8 | COL:8LGV,unranked | kingdom | phylum | class | subclass | infraclass | subterclass | superorder | order | superfamily | family | genus | species,https://www.catalogueoflife.org/data/taxon/8LGV,Animalia,Mollusca,Semelidae,[E_G],UNCATEGORIZED_TRAIT
,Abra segmentum,,,,Semelidae,Mollusca,,[p_M],,,,https://opentraits.org/datasets/amp,1,https://opentraits.org/members/brian-s-maitner,2022-08-18,,HAS_ACCEPTED_NAME,COL:8LGV,Abra segmentum,species,,Biota | Animalia | Mollusca | Bivalvia | Autobranchia | Heteroconchia | Euheterodonta | Imparidentia | Cardiida | Tellinoidea | Semelidae | Abra | Abra segmentum,COL:5T6MX | COL:N | COL:M2L | COL:7NF3C | COL:7NVXG | COL:7NVXR | COL:7VBDP | COL:7NVY2 | COL:7NG2C | COL:7NFRM | COL:7NKZK | COL:7NMF8 | COL:8LGV,unranked | kingdom | phylum | class | subclass | infraclass | subterclass | superorder | order | superfamily | family | genus | species,https://www.catalogueoflife.org/data/taxon/8LGV,Animalia,Mollusca,Semelidae,[p_M],UNCATEGORIZED_TRAIT
,Abra segmentum,,,,Semelidae,Mollusca,,{F_m},,,,https://opentraits.org/datasets/amp,1,https://opentraits.org/members/brian-s-maitner,2022-08-18,,HAS_ACCEPTED_NAME,COL:8LGV,Abra segmentum,species,,Biota | Animalia | Mollusca | Bivalvia | Autobranchia | Heteroconchia | Euheterodonta | Imparidentia | Cardiida | Tellinoidea | Semelidae | Abra | Abra segmentum,COL:5T6MX | COL:N | COL:M2L | COL:7NF3C | COL:7NVXG | COL:7NVXR | COL:7VBDP | COL:7NVY2 | COL:7NG2C | COL:7NFRM | COL:7NKZK | COL:7NMF8 | COL:8LGV,unranked | kingdom | phylum | class | subclass | infraclass | subterclass | superorder | order | superfamily | family | genus | species,https://www.catalogueoflife.org/data/taxon/8LGV,Animalia,Mollusca,Semelidae,{F_m},UNCATEGORIZED_TRAIT
,Abra segmentum,,,,Semelidae,Mollusca,,{p_Am},,,,https://opentraits.org/datasets/amp,1,https://opentraits.org/members/brian-s-maitner,2022-08-18,,HAS_ACCEPTED_NAME,COL:8LGV,Abra segmentum,species,,Biota | Animalia | Mollusca | Bivalvia | Autobranchia | Heteroconchia | Euheterodonta | Imparidentia | Cardiida | Tellinoidea | Semelidae | Abra | Abra segmentum,COL:5T6MX | COL:N | COL:M2L | COL:7NF3C | COL:7NVXG | COL:7NVXR | COL:7VBDP | COL:7NVY2 | COL:7NG2C | COL:7NFRM | COL:7NKZK | COL:7NMF8 | COL:8LGV,unranked | kingdom | phylum | class | subclass | infraclass | subterclass | superorder | order | superfamily | family | genus | species,https://www.catalogueoflife.org/data/taxon/8LGV,Animalia,Mollusca,Semelidae,{p_Am},{p_Am}
,Abra segmentum,,,,Semelidae,Mollusca,,{p_T},,,,https://opentraits.org/datasets/amp,1,https://opentraits.org/members/brian-s-maitner,2022-08-18,,HAS_ACCEPTED_NAME,COL:8LGV,Abra segmentum,species,,Biota | Animalia | Mollusca | Bivalvia | Autobranchia | Heteroconchia | Euheterodonta | Imparidentia | Cardiida | Tellinoidea | Semelidae | Abra | Abra segmentum,COL:5T6MX | COL:N | COL:M2L | COL:7NF3C | COL:7NVXG | COL:7NVXR | COL:7VBDP | COL:7NVY2 | COL:7NG2C | COL:7NFRM | COL:7NKZK | COL:7NMF8 | COL:8LGV,unranked | kingdom | phylum | class | subclass | infraclass | subterclass | superorder | order | superfamily | family | genus | species,https://www.catalogueoflife.org/data/taxon/8LGV,Animalia,Mollusca,Semelidae,{p_T},UNCATEGORIZED_TRAIT
,Abra segmentum,,,,Semelidae,Mollusca,,allocation fraction to soma,,,,https://opentraits.org/datasets/amp,1,https://opentraits.org/members/brian-s-maitner,2022-08-18,,HAS_ACCEPTED_NAME,COL:8LGV,Abra segmentum,species,,Biota | Animalia | Mollusca | Bivalvia | Autobranchia | Heteroconchia | Euheterodonta | Imparidentia | Cardiida | Tellinoidea | Semelidae | Abra | Abra segmentum,COL:5T6MX | COL:N | COL:M2L | COL:7NF3C | COL:7NVXG | COL:7NVXR | COL:7VBDP | COL:7NVY2 | COL:7NG2C | COL:7NFRM | COL:7NKZK | COL:7NMF8 | COL:8LGV,unranked | kingdom | phylum | class | subclass | infraclass | subterclass | superorder | order | superfamily | family | genus | species,https://www.catalogueoflife.org/data/taxon/8LGV,Animalia,Mollusca,Semelidae,allocation fraction to soma,UNCATEGORIZED_TRAIT
,Abra segmentum,,,,Semelidae,Mollusca,,Arrhenius temperature,,,,https://opentraits.org/datasets/amp,1,https://opentraits.org/members/brian-s-maitner,2022-08-18,,HAS_ACCEPTED_NAME,COL:8LGV,Abra segmentum,species,,Biota | Animalia | Mollusca | Bivalvia | Autobranchia | Heteroconchia | Euheterodonta | Imparidentia | Cardiida | Tellinoidea | Semelidae | Abra | Abra segmentum,COL:5T6MX | COL:N | COL:M2L | COL:7NF3C | COL:7NVXG | COL:7NVXR | COL:7VBDP | COL:7NVY2 | COL:7NG2C | COL:7NFRM | COL:7NKZK | COL:7NMF8 | COL:8LGV,unranked | kingdom | phylum | class | subclass | infraclass | subterclass | superorder | order | superfamily | family | genus | species,https://www.catalogueoflife.org/data/taxon/8LGV,Animalia,Mollusca,Semelidae,Arrhenius temperature,UNCATEGORIZED_TRAIT
,Abra segmentum,,,,Semelidae,Mollusca,,digestion efficiency of food to reserve,,,,https://opentraits.org/datasets/amp,1,https://opentraits.org/members/brian-s-maitner,2022-08-18,,HAS_ACCEPTED_NAME,COL:8LGV,Abra segmentum,species,,Biota | Animalia | Mollusca | Bivalvia | Autobranchia | Heteroconchia | Euheterodonta | Imparidentia | Cardiida | Tellinoidea | Semelidae | Abra | Abra segmentum,COL:5T6MX | COL:N | COL:M2L | COL:7NF3C | COL:7NVXG | COL:7NVXR | COL:7VBDP | COL:7NVY2 | COL:7NG2C | COL:7NFRM | COL:7NKZK | COL:7NMF8 | COL:8LGV,unranked | kingdom | phylum | class | subclass | infraclass | subterclass | superorder | order | superfamily | family | genus | species,https://www.catalogueoflife.org/data/taxon/8LGV,Animalia,Mollusca,Semelidae,digestion efficiency of food to reserve,UNCATEGORIZED_TRAIT
,Abra segmentum,,,,Semelidae,Mollusca,,energy conductance,,,,https://opentraits.org/datasets/amp,1,https://opentraits.org/members/brian-s-maitner,2022-08-18,,HAS_ACCEPTED_NAME,COL:8LGV,Abra segmentum,species,,Biota | Animalia | Mollusca | Bivalvia | Autobranchia | Heteroconchia | Euheterodonta | Imparidentia | Cardiida | Tellinoidea | Semelidae | Abra | Abra segmentum,COL:5T6MX | COL:N | COL:M2L | COL:7NF3C | COL:7NVXG | COL:7NVXR | COL:7VBDP | COL:7NVY2 | COL:7NG2C | COL:7NFRM | COL:7NKZK | COL:7NMF8 | COL:8LGV,unranked | kingdom | phylum | class | subclass | infraclass | subterclass | superorder | order | superfamily | family | genus | species,https://www.catalogueoflife.org/data/taxon/8LGV,Animalia,Mollusca,Semelidae,energy conductance,UNCATEGORIZED_TRAIT
,Abra segmentum,,,,Semelidae,Mollusca,,faecation efficiency of food to faeces,,,,https://opentraits.org/datasets/amp,1,https://opentraits.org/members/brian-s-maitner,2022-08-18,,HAS_ACCEPTED_NAME,COL:8LGV,Abra segmentum,species,,Biota | Animalia | Mollusca | Bivalvia | Autobranchia | Heteroconchia | Euheterodonta | Imparidentia | Cardiida | Tellinoidea | Semelidae | Abra | Abra segmentum,COL:5T6MX | COL:N | COL:M2L | COL:7NF3C | COL:7NVXG | COL:7NVXR | COL:7VBDP | COL:7NVY2 | COL:7NG2C | COL:7NFRM | COL:7NKZK | COL:7NMF8 | COL:8LGV,unranked | kingdom | phylum | class | subclass | infraclass | subterclass | superorder | order | superfamily | family | genus | species,https://www.catalogueoflife.org/data/taxon/8LGV,Animalia,Mollusca,Semelidae,faecation efficiency of food to faeces,UNCATEGORIZED_TRAIT
,Abra segmentum,,,,Semelidae,Mollusca,,Gompertz stress coefficient,,,,https://opentraits.org/datasets/amp,1,https://opentraits.org/members/brian-s-maitner,2022-08-18,,HAS_ACCEPTED_NAME,COL:8LGV,Abra segmentum,species,,Biota | Animalia | Mollusca | Bivalvia | Autobranchia | Heteroconchia | Euheterodonta | Imparidentia | Cardiida | Tellinoidea | Semelidae | Abra | Abra segmentum,COL:5T6MX | COL:N | COL:M2L | COL:7NF3C | COL:7NVXG | COL:7NVXR | COL:7VBDP | COL:7NVY2 | COL:7NG2C | COL:7NFRM | COL:7NKZK | COL:7NMF8 | COL:8LGV,unranked | kingdom | phylum | class | subclass | infraclass | subterclass | superorder | order | superfamily | family | genus | species,https://www.catalogueoflife.org/data/taxon/8LGV,Animalia,Mollusca,Semelidae,Gompertz stress coefficient,UNCATEGORIZED_TRAIT
,Abra segmentum,,,,Semelidae,Mollusca,,maturity at birth,,,,https://opentraits.org/datasets/amp,1,https://opentraits.org/members/brian-s-maitner,2022-08-18,,HAS_ACCEPTED_NAME,COL:8LGV,Abra segmentum,species,,Biota | Animalia | Mollusca | Bivalvia | Autobranchia | Heteroconchia | Euheterodonta | Imparidentia | Cardiida | Tellinoidea | Semelidae | Abra | Abra segmentum,COL:5T6MX | COL:N | COL:M2L | COL:7NF3C | COL:7NVXG | COL:7NVXR | COL:7VBDP | COL:7NVY2 | COL:7NG2C | COL:7NFRM | COL:7NKZK | COL:7NMF8 | COL:8LGV,unranked | kingdom | phylum | class | subclass | infraclass | subterclass | superorder | order | superfamily | family | genus | species,https://www.catalogueoflife.org/data/taxon/8LGV,Animalia,Mollusca,Semelidae,maturity at birth,UNCATEGORIZED_TRAIT
,Abra segmentum,,,,Semelidae,Mollusca,,maturity at metam,,,,https://opentraits.org/datasets/amp,1,https://opentraits.org/members/brian-s-maitner,2022-08-18,,HAS_ACCEPTED_NAME,COL:8LGV,Abra segmentum,species,,Biota | Animalia | Mollusca | Bivalvia | Autobranchia | Heteroconchia | Euheterodonta | Imparidentia | Cardiida | Tellinoidea | Semelidae | Abra | Abra segmentum,COL:5T6MX | COL:N | COL:M2L | COL:7NF3C | COL:7NVXG | COL:7NVXR | COL:7VBDP | COL:7NVY2 | COL:7NG2C | COL:7NFRM | COL:7NKZK | COL:7NMF8 | COL:8LGV,unranked | kingdom | phylum | class | subclass | infraclass | subterclass | superorder | order | superfamily | family | genus | species,https://www.catalogueoflife.org/data/taxon/8LGV,Animalia,Mollusca,Semelidae,maturity at metam,UNCATEGORIZED_TRAIT
,Abra segmentum,,,,Semelidae,Mollusca,,maturity at puberty,,,,https://opentraits.org/datasets/amp,1,https://opentraits.org/members/brian-s-maitner,2022-08-18,,HAS_ACCEPTED_NAME,COL:8LGV,Abra segmentum,species,,Biota | Animalia | Mollusca | Bivalvia | Autobranchia | Heteroconchia | Euheterodonta | Imparidentia | Cardiida | Tellinoidea | Semelidae | Abra | Abra segmentum,COL:5T6MX | COL:N | COL:M2L | COL:7NF3C | COL:7NVXG | COL:7NVXR | COL:7VBDP | COL:7NVY2 | COL:7NG2C | COL:7NFRM | COL:7NKZK | COL:7NMF8 | COL:8LGV,unranked | kingdom | phylum | class | subclass | infraclass | subterclass | superorder | order | superfamily | family | genus | species,https://www.catalogueoflife.org/data/taxon/8LGV,Animalia,Mollusca,Semelidae,maturity at puberty,UNCATEGORIZED_TRAIT
,Abra segmentum,,,,Semelidae,Mollusca,,maturity maint rate coefficient,,,,https://opentraits.org/datasets/amp,1,https://opentraits.org/members/brian-s-maitner,2022-08-18,,HAS_ACCEPTED_NAME,COL:8LGV,Abra segmentum,species,,Biota | Animalia | Mollusca | Bivalvia | Autobranchia | Heteroconchia | Euheterodonta | Imparidentia | Cardiida | Tellinoidea | Semelidae | Abra | Abra segmentum,COL:5T6MX | COL:N | COL:M2L | COL:7NF3C | COL:7NVXG | COL:7NVXR | COL:7VBDP | COL:7NVY2 | COL:7NG2C | COL:7NFRM | COL:7NKZK | COL:7NMF8 | COL:8LGV,unranked | kingdom | phylum | class | subclass | infraclass | subterclass | superorder | order | superfamily | family | genus | species,https://www.catalogueoflife.org/data/taxon/8LGV,Animalia,Mollusca,Semelidae,maturity maint rate coefficient,UNCATEGORIZED_TRAIT
,Abra segmentum,,,,Semelidae,Mollusca,,Reference temperature,,,,https://opentraits.org/datasets/amp,1,https://opentraits.org/members/brian-s-maitner,2022-08-18,,HAS_ACCEPTED_NAME,COL:8LGV,Abra segmentum,species,,Biota | Animalia | Mollusca | Bivalvia | Autobranchia | Heteroconchia | Euheterodonta | Imparidentia | Cardiida | Tellinoidea | Semelidae | Abra | Abra segmentum,COL:5T6MX | COL:N | COL:M2L | COL:7NF3C | COL:7NVXG | COL:7NVXR | COL:7VBDP | COL:7NVY2 | COL:7NG2C | COL:7NFRM | COL:7NKZK | COL:7NMF8 | COL:8LGV,unranked | kingdom | phylum | class | subclass | infraclass | subterclass | superorder | order | superfamily | family | genus | species,https://www.catalogueoflife.org/data/taxon/8LGV,Animalia,Mollusca,Semelidae,Reference temperature,UNCATEGORIZED_TRAIT
,Abra segmentum,,,,Semelidae,Mollusca,,reproduction efficiency,,,,https://opentraits.org/datasets/amp,1,https://opentraits.org/members/brian-s-maitner,2022-08-18,,HAS_ACCEPTED_NAME,COL:8LGV,Abra segmentum,species,,Biota | Animalia | Mollusca | Bivalvia | Autobranchia | Heteroconchia | Euheterodonta | Imparidentia | Cardiida | Tellinoidea | Semelidae | Abra | Abra segmentum,COL:5T6MX | COL:N | COL:M2L | COL:7NF3C | COL:7NVXG | COL:7NVXR | COL:7VBDP | COL:7NVY2 | COL:7NG2C | COL:7NFRM | COL:7NKZK | COL:7NMF8 | COL:8LGV,unranked | kingdom | phylum | class | subclass | infraclass | subterclass | superorder | order | superfamily | family | genus | species,https://www.catalogueoflife.org/data/taxon/8LGV,Animalia,Mollusca,Semelidae,reproduction efficiency,Reproduction
,Abra segmentum,,,,Semelidae,Mollusca,,scaled functional response for 0-var data,,,,https://opentraits.org/datasets/amp,1,https://opentraits.org/members/brian-s-maitner,2022-08-18,,HAS_ACCEPTED_NAME,COL:8LGV,Abra segmentum,species,,Biota | Animalia | Mollusca | Bivalvia | Autobranchia | Heteroconchia | Euheterodonta | Imparidentia | Cardiida | Tellinoidea | Semelidae | Abra | Abra segmentum,COL:5T6MX | COL:N | COL:M2L | COL:7NF3C | COL:7NVXG | COL:7NVXR | COL:7VBDP | COL:7NVY2 | COL:7NG2C | COL:7NFRM | COL:7NKZK | COL:7NMF8 | COL:8LGV,unranked | kingdom | phylum | class | subclass | infraclass | subterclass | superorder | order | superfamily | family | genus | species,https://www.catalogueoflife.org/data/taxon/8LGV,Animalia,Mollusca,Semelidae,scaled functional response for 0-var data,UNCATEGORIZED_TRAIT
,Abra segmentum,,,,Semelidae,Mollusca,,shape coefficient,,,,https://opentraits.org/datasets/amp,1,https://opentraits.org/members/brian-s-maitner,2022-08-18,,HAS_ACCEPTED_NAME,COL:8LGV,Abra segmentum,species,,Biota | Animalia | Mollusca | Bivalvia | Autobranchia | Heteroconchia | Euheterodonta | Imparidentia | Cardiida | Tellinoidea | Semelidae | Abra | Abra segmentum,COL:5T6MX | COL:N | COL:M2L | COL:7NF3C | COL:7NVXG | COL:7NVXR | COL:7VBDP | COL:7NVY2 | COL:7NG2C | COL:7NFRM | COL:7NKZK | COL:7NMF8 | COL:8LGV,unranked | kingdom | phylum | class | subclass | infraclass | subterclass | superorder | order | superfamily | family | genus | species,https://www.catalogueoflife.org/data/taxon/8LGV,Animalia,Mollusca,Semelidae,shape coefficient,Morphology
,Abra segmentum,,,,Semelidae,Mollusca,,Weibull aging acceleration,,,,https://opentraits.org/datasets/amp,1,https://opentraits.org/members/brian-s-maitner,2022-08-18,,HAS_ACCEPTED_NAME,COL:8LGV,Abra segmentum,species,,Biota | Animalia | Mollusca | Bivalvia | Autobranchia | Heteroconchia | Euheterodonta | Imparidentia | Cardiida | Tellinoidea | Semelidae | Abra | Abra segmentum,COL:5T6MX | COL:N | COL:M2L | COL:7NF3C | COL:7NVXG | COL:7NVXR | COL:7VBDP | COL:7NVY2 | COL:7NG2C | COL:7NFRM | COL:7NKZK | COL:7NMF8 | COL:8LGV,unranked | kingdom | phylum | class | subclass | infraclass | subterclass | superorder | order | superfamily | family | genus | species,https://www.catalogueoflife.org/data/taxon/8LGV,Animalia,Mollusca,Semelidae,Weibull aging acceleration,UNCATEGORIZED_TRAIT
,Abralia trigonura,,,,Enoploteuthidae,Mollusca,,[E_G],,,,https://opentraits.org/datasets/amp,1,https://opentraits.org/members/brian-s-maitner,2022-08-18,,NONE,,Abralia trigonura,,,,,,,,,,[E_G],UNCATEGORIZED_TRAIT
,Abralia trigonura,,,,Enoploteuthidae,Mollusca,,[p_M],,,,https://opentraits.org/datasets/amp,1,https://opentraits.org/members/brian-s-maitner,2022-08-18,,NONE,,Abralia trigonura,,,,,,,,,,[p_M],UNCATEGORIZED_TRAIT
,Abralia trigonura,,,,Enoploteuthidae,Mollusca,,{F_m},,,,https://opentraits.org/datasets/amp,1,https://opentraits.org/members/brian-s-maitner,2022-08-18,,NONE,,Abralia trigonura,,,,,,,,,,{F_m},UNCATEGORIZED_TRAIT
,Abralia trigonura,,,,Enoploteuthidae,Mollusca,,{p_Am},,,,https://opentraits.org/datasets/amp,1,https://opentraits.org/members/brian-s-maitner,2022-08-18,,NONE,,Abralia trigonura,,,,,,,,,,{p_Am},{p_Am}
,Abralia trigonura,,,,Enoploteuthidae,Mollusca,,{p_T},,,,https://opentraits.org/datasets/amp,1,https://opentraits.org/members/brian-s-maitner,2022-08-18,,NONE,,Abralia trigonura,,,,,,,,,,{p_T},UNCATEGORIZED_TRAIT
,Abralia trigonura,,,,Enoploteuthidae,Mollusca,,allocation fraction to soma,,,,https://opentraits.org/datasets/amp,1,https://opentraits.org/members/brian-s-maitner,2022-08-18,,NONE,,Abralia trigonura,,,,,,,,,,allocation fraction to soma,UNCATEGORIZED_TRAIT
,Abralia trigonura,,,,Enoploteuthidae,Mollusca,,Arrhenius temperature,,,,https://opentraits.org/datasets/amp,1,https://opentraits.org/members/brian-s-maitner,2022-08-18,,NONE,,Abralia trigonura,,,,,,,,,,Arrhenius temperature,UNCATEGORIZED_TRAIT
,Abralia trigonura,,,,Enoploteuthidae,Mollusca,,digestion efficiency of food to reserve,,,,https://opentraits.org/datasets/amp,1,https://opentraits.org/members/brian-s-maitner,2022-08-18,,NONE,,Abralia trigonura,,,,,,,,,,digestion efficiency of food to reserve,UNCATEGORIZED_TRAIT
,Abralia trigonura,,,,Enoploteuthidae,Mollusca,,energy conductance,,,,https://opentraits.org/datasets/amp,1,https://opentraits.org/members/brian-s-maitner,2022-08-18,,NONE,,Abralia trigonura,,,,,,,,,,energy conductance,UNCATEGORIZED_TRAIT
,Abralia trigonura,,,,Enoploteuthidae,Mollusca,,faecation efficiency of food to faeces,,,,https://opentraits.org/datasets/amp,1,https://opentraits.org/members/brian-s-maitner,2022-08-18,,NONE,,Abralia trigonura,,,,,,,,,,faecation efficiency of food to faeces,UNCATEGORIZED_TRAIT
,Abralia trigonura,,,,Enoploteuthidae,Mollusca,,Gompertz stress coefficient,,,,https://opentraits.org/datasets/amp,1,https://opentraits.org/members/brian-s-maitner,2022-08-18,,NONE,,Abralia trigonura,,,,,,,,,,Gompertz stress coefficient,UNCATEGORIZED_TRAIT
,Abralia trigonura,,,,Enoploteuthidae,Mollusca,,maturity at birth,,,,https://opentraits.org/datasets/amp,1,https://opentraits.org/members/brian-s-maitner,2022-08-18,,NONE,,Abralia trigonura,,,,,,,,,,maturity at birth,UNCATEGORIZED_TRAIT
,Abralia trigonura,,,,Enoploteuthidae,Mollusca,,maturity at metam,,,,https://opentraits.org/datasets/amp,1,https://opentraits.org/members/brian-s-maitner,2022-08-18,,NONE,,Abralia trigonura,,,,,,,,,,maturity at metam,UNCATEGORIZED_TRAIT
,Abralia trigonura,,,,Enoploteuthidae,Mollusca,,maturity at puberty,,,,https://opentraits.org/datasets/amp,1,https://opentraits.org/members/brian-s-maitner,2022-08-18,,NONE,,Abralia trigonura,,,,,,,,,,maturity at puberty,UNCATEGORIZED_TRAIT
,Abralia trigonura,,,,Enoploteuthidae,Mollusca,,maturity at puberty for males,,,,https://opentraits.org/datasets/amp,1,https://opentraits.org/members/brian-s-maitner,2022-08-18,,NONE,,Abralia trigonura,,,,,,,,,,maturity at puberty for males,UNCATEGORIZED_TRAIT
,Abralia trigonura,,,,Enoploteuthidae,Mollusca,,maturity maint rate coefficient,,,,https://opentraits.org/datasets/amp,1,https://opentraits.org/members/brian-s-maitner,2022-08-18,,NONE,,Abralia trigonura,,,,,,,,,,maturity maint rate coefficient,UNCATEGORIZED_TRAIT
,Abralia trigonura,,,,Enoploteuthidae,Mollusca,,Reference temperature,,,,https://opentraits.org/datasets/amp,1,https://opentraits.org/members/brian-s-maitner,2022-08-18,,NONE,,Abralia trigonura,,,,,,,,,,Reference temperature,UNCATEGORIZED_TRAIT
,Abralia trigonura,,,,Enoploteuthidae,Mollusca,,reproduction efficiency,,,,https://opentraits.org/datasets/amp,1,https://opentraits.org/members/brian-s-maitner,2022-08-18,,NONE,,Abralia trigonura,,,,,,,,,,reproduction efficiency,Reproduction
,Abralia trigonura,,,,Enoploteuthidae,Mollusca,,scaled functional response for 0-var data,,,,https://opentraits.org/datasets/amp,1,https://opentraits.org/members/brian-s-maitner,2022-08-18,,NONE,,Abralia trigonura,,,,,,,,,,scaled functional response for 0-var data,UNCATEGORIZED_TRAIT
,Abralia trigonura,,,,Enoploteuthidae,Mollusca,,scaled functional response for tL and tWw data,,,,https://opentraits.org/datasets/amp,1,https://opentraits.org/members/brian-s-maitner,2022-08-18,,NONE,,Abralia trigonura,,,,,,,,,,scaled functional response for tL and tWw data,UNCATEGORIZED_TRAIT
,Abralia trigonura,,,,Enoploteuthidae,Mollusca,,shape coefficient,,,,https://opentraits.org/datasets/amp,1,https://opentraits.org/members/brian-s-maitner,2022-08-18,,NONE,,Abralia trigonura,,,,,,,,,,shape coefficient,Morphology
,Abralia trigonura,,,,Enoploteuthidae,Mollusca,,Weibull aging acceleration for female,,,,https://opentraits.org/datasets/amp,1,https://opentraits.org/members/brian-s-maitner,2022-08-18,,NONE,,Abralia trigonura,,,,,,,,,,Weibull aging acceleration for female,UNCATEGORIZED_TRAIT
,Abralia trigonura,,,,Enoploteuthidae,Mollusca,,zoom factor for male,,,,https://opentraits.org/datasets/amp,1,https://opentraits.org/members/brian-s-maitner,2022-08-18,,NONE,,Abralia trigonura,,,,,,,,,,zoom factor for male,UNCATEGORIZED_TRAIT
,Abraliopsis morisii,,,,Enoploteuthidae,Mollusca,,[E_G],,,,https://opentraits.org/datasets/amp,1,https://opentraits.org/members/brian-s-maitner,2022-08-18,,NONE,,Abraliopsis morisii,,,,,,,,,,[E_G],UNCATEGORIZED_TRAIT
,Abraliopsis morisii,,,,Enoploteuthidae,Mollusca,,[p_M],,,,https://opentraits.org/datasets/amp,1,https://opentraits.org/members/brian-s-maitner,2022-08-18,,NONE,,Abraliopsis morisii,,,,,,,,,,[p_M],UNCATEGORIZED_TRAIT
,Abraliopsis morisii,,,,Enoploteuthidae,Mollusca,,{F_m},,,,https://opentraits.org/datasets/amp,1,https://opentraits.org/members/brian-s-maitner,2022-08-18,,NONE,,Abraliopsis morisii,,,,,,,,,,{F_m},UNCATEGORIZED_TRAIT
,Abraliopsis morisii,,,,Enoploteuthidae,Mollusca,,{p_Am},,,,https://opentraits.org/datasets/amp,1,https://opentraits.org/members/brian-s-maitner,2022-08-18,,NONE,,Abraliopsis morisii,,,,,,,,,,{p_Am},{p_Am}
,Abraliopsis morisii,,,,Enoploteuthidae,Mollusca,,{p_T},,,,https://opentraits.org/datasets/amp,1,https://opentraits.org/members/brian-s-maitner,2022-08-18,,NONE,,Abraliopsis morisii,,,,,,,,,,{p_T},UNCATEGORIZED_TRAIT
,Abraliopsis morisii,,,,Enoploteuthidae,Mollusca,,allocation fraction to soma,,,,https://opentraits.org/datasets/amp,1,https://opentraits.org/members/brian-s-maitner,2022-08-18,,NONE,,Abraliopsis morisii,,,,,,,,,,allocation fraction to soma,UNCATEGORIZED_TRAIT
,Abraliopsis morisii,,,,Enoploteuthidae,Mollusca,,Arrhenius temperature,,,,https://opentraits.org/datasets/amp,1,https://opentraits.org/members/brian-s-maitner,2022-08-18,,NONE,,Abraliopsis morisii,,,,,,,,,,Arrhenius temperature,UNCATEGORIZED_TRAIT
,Abraliopsis morisii,,,,Enoploteuthidae,Mollusca,,digestion efficiency of food to reserve,,,,https://opentraits.org/datasets/amp,1,https://opentraits.org/members/brian-s-maitner,2022-08-18,,NONE,,Abraliopsis morisii,,,,,,,,,,digestion efficiency of food to reserve,UNCATEGORIZED_TRAIT
,Abraliopsis morisii,,,,Enoploteuthidae,Mollusca,,energy conductance,,,,https://opentraits.org/datasets/amp,1,https://opentraits.org/members/brian-s-maitner,2022-08-18,,NONE,,Abraliopsis morisii,,,,,,,,,,energy conductance,UNCATEGORIZED_TRAIT
,Abraliopsis morisii,,,,Enoploteuthidae,Mollusca,,faecation efficiency of food to faeces,,,,https://opentraits.org/datasets/amp,1,https://opentraits.org/members/brian-s-maitner,2022-08-18,,NONE,,Abraliopsis morisii,,,,,,,,,,faecation efficiency of food to faeces,UNCATEGORIZED_TRAIT
,Abraliopsis morisii,,,,Enoploteuthidae,Mollusca,,Gompertz stress coefficient,,,,https://opentraits.org/datasets/amp,1,https://opentraits.org/members/brian-s-maitner,2022-08-18,,NONE,,Abraliopsis morisii,,,,,,,,,,Gompertz stress coefficient,UNCATEGORIZED_TRAIT
,Abraliopsis morisii,,,,Enoploteuthidae,Mollusca,,maturity at birth,,,,https://opentraits.org/datasets/amp,1,https://opentraits.org/members/brian-s-maitner,2022-08-18,,NONE,,Abraliopsis morisii,,,,,,,,,,maturity at birth,UNCATEGORIZED_TRAIT
,Abraliopsis morisii,,,,Enoploteuthidae,Mollusca,,maturity at metam,,,,https://opentraits.org/datasets/amp,1,https://opentraits.org/members/brian-s-maitner,2022-08-18,,NONE,,Abraliopsis morisii,,,,,,,,,,maturity at metam,UNCATEGORIZED_TRAIT
,Abraliopsis morisii,,,,Enoploteuthidae,Mollusca,,maturity at puberty,,,,https://opentraits.org/datasets/amp,1,https://opentraits.org/members/brian-s-maitner,2022-08-18,,NONE,,Abraliopsis morisii,,,,,,,,,,maturity at puberty,UNCATEGORIZED_TRAIT
,Abraliopsis morisii,,,,Enoploteuthidae,Mollusca,,maturity maint rate coefficient,,,,https://opentraits.org/datasets/amp,1,https://opentraits.org/members/brian-s-maitner,2022-08-18,,NONE,,Abraliopsis morisii,,,,,,,,,,maturity maint rate coefficient,UNCATEGORIZED_TRAIT
,Abraliopsis morisii,,,,Enoploteuthidae,Mollusca,,Reference temperature,,,,https://opentraits.org/datasets/amp,1,https://opentraits.org/members/brian-s-maitner,2022-08-18,,NONE,,Abraliopsis morisii,,,,,,,,,,Reference temperature,UNCATEGORIZED_TRAIT
,Abraliopsis morisii,,,,Enoploteuthidae,Mollusca,,reproduction efficiency,,,,https://opentraits.org/datasets/amp,1,https://opentraits.org/members/brian-s-maitner,2022-08-18,,NONE,,Abraliopsis morisii,,,,,,,,,,reproduction efficiency,Reproduction
,Abraliopsis morisii,,,,Enoploteuthidae,Mollusca,,scaled functional response for 0-var data,,,,https://opentraits.org/datasets/amp,1,https://opentraits.org/members/brian-s-maitner,2022-08-18,,NONE,,Abraliopsis morisii,,,,,,,,,,scaled functional response for 0-var data,UNCATEGORIZED_TRAIT
,Abraliopsis morisii,,,,Enoploteuthidae,Mollusca,,shape coefficient,,,,https://opentraits.org/datasets/amp,1,https://opentraits.org/members/brian-s-maitner,2022-08-18,,NONE,,Abraliopsis morisii,,,,,,,,,,shape coefficient,Morphology
,Abraliopsis morisii,,,,Enoploteuthidae,Mollusca,,Weibull aging acceleration for female,,,,https://opentraits.org/datasets/amp,1,https://opentraits.org/members/brian-s-maitner,2022-08-18,,NONE,,Abraliopsis morisii,,,,,,,,,,Weibull aging acceleration for female,UNCATEGORIZED_TRAIT
,Abramis brama,,,,Leuciscidae,Chordata,,[E_G],,,,https://opentraits.org/datasets/amp,1,https://opentraits.org/members/brian-s-maitner,2022-08-18,,HAS_ACCEPTED_NAME,COL:63ZV8,Abramis brama,species,,Biota | Animalia | Chordata | Actinopterygii | Cypriniformes | Cyprinidae | Abramis | Abramis brama,COL:5T6MX | COL:N | COL:CH2 | COL:CT | COL:334 | COL:6248Q | COL:LQF | COL:63ZV8,unranked | kingdom | phylum | class | order | family | genus | species,https://www.catalogueoflife.org/data/taxon/63ZV8,Animalia,Chordata,Cyprinidae,[E_G],UNCATEGORIZED_TRAIT
,Abramis brama,,,,Leuciscidae,Chordata,,[p_M],,,,https://opentraits.org/datasets/amp,1,https://opentraits.org/members/brian-s-maitner,2022-08-18,,HAS_ACCEPTED_NAME,COL:63ZV8,Abramis brama,species,,Biota | Animalia | Chordata | Actinopterygii | Cypriniformes | Cyprinidae | Abramis | Abramis brama,COL:5T6MX | COL:N | COL:CH2 | COL:CT | COL:334 | COL:6248Q | COL:LQF | COL:63ZV8,unranked | kingdom | phylum | class | order | family | genus | species,https://www.catalogueoflife.org/data/taxon/63ZV8,Animalia,Chordata,Cyprinidae,[p_M],UNCATEGORIZED_TRAIT
,Abramis brama,,,,Leuciscidae,Chordata,,{F_m},,,,https://opentraits.org/datasets/amp,1,https://opentraits.org/members/brian-s-maitner,2022-08-18,,HAS_ACCEPTED_NAME,COL:63ZV8,Abramis brama,species,,Biota | Animalia | Chordata | Actinopterygii | Cypriniformes | Cyprinidae | Abramis | Abramis brama,COL:5T6MX | COL:N | COL:CH2 | COL:CT | COL:334 | COL:6248Q | COL:LQF | COL:63ZV8,unranked | kingdom | phylum | class | order | family | genus | species,https://www.catalogueoflife.org/data/taxon/63ZV8,Animalia,Chordata,Cyprinidae,{F_m},UNCATEGORIZED_TRAIT
,Abramis brama,,,,Leuciscidae,Chordata,,{p_Am},,,,https://opentraits.org/datasets/amp,1,https://opentraits.org/members/brian-s-maitner,2022-08-18,,HAS_ACCEPTED_NAME,COL:63ZV8,Abramis brama,species,,Biota | Animalia | Chordata | Actinopterygii | Cypriniformes | Cyprinidae | Abramis | Abramis brama,COL:5T6MX | COL:N | COL:CH2 | COL:CT | COL:334 | COL:6248Q | COL:LQF | COL:63ZV8,unranked | kingdom | phylum | class | order | family | genus | species,https://www.catalogueoflife.org/data/taxon/63ZV8,Animalia,Chordata,Cyprinidae,{p_Am},{p_Am}
,Abramis brama,,,,Leuciscidae,Chordata,,{p_T},,,,https://opentraits.org/datasets/amp,1,https://opentraits.org/members/brian-s-maitner,2022-08-18,,HAS_ACCEPTED_NAME,COL:63ZV8,Abramis brama,species,,Biota | Animalia | Chordata | Actinopterygii | Cypriniformes | Cyprinidae | Abramis | Abramis brama,COL:5T6MX | COL:N | COL:CH2 | COL:CT | COL:334 | COL:6248Q | COL:LQF | COL:63ZV8,unranked | kingdom | phylum | class | order | family | genus | species,https://www.catalogueoflife.org/data/taxon/63ZV8,Animalia,Chordata,Cyprinidae,{p_T},UNCATEGORIZED_TRAIT
,Abramis brama,,,,Leuciscidae,Chordata,,allocation fraction to soma,,,,https://opentraits.org/datasets/amp,1,https://opentraits.org/members/brian-s-maitner,2022-08-18,,HAS_ACCEPTED_NAME,COL:63ZV8,Abramis brama,species,,Biota | Animalia | Chordata | Actinopterygii | Cypriniformes | Cyprinidae | Abramis | Abramis brama,COL:5T6MX | COL:N | COL:CH2 | COL:CT | COL:334 | COL:6248Q | COL:LQF | COL:63ZV8,unranked | kingdom | phylum | class | order | family | genus | species,https://www.catalogueoflife.org/data/taxon/63ZV8,Animalia,Chordata,Cyprinidae,allocation fraction to soma,UNCATEGORIZED_TRAIT
,Abramis brama,,,,Leuciscidae,Chordata,,Arrhenius temp,,,,https://opentraits.org/datasets/amp,1,https://opentraits.org/members/brian-s-maitner,2022-08-18,,HAS_ACCEPTED_NAME,COL:63ZV8,Abramis brama,species,,Biota | Animalia | Chordata | Actinopterygii | Cypriniformes | Cyprinidae | Abramis | Abramis brama,COL:5T6MX | COL:N | COL:CH2 | COL:CT | COL:334 | COL:6248Q | COL:LQF | COL:63ZV8,unranked | kingdom | phylum | class | order | family | genus | species,https://www.catalogueoflife.org/data/taxon/63ZV8,Animalia,Chordata,Cyprinidae,Arrhenius temp,UNCATEGORIZED_TRAIT
,Abramis brama,,,,Leuciscidae,Chordata,,digestion efficiency of food to reserve,,,,https://opentraits.org/datasets/amp,1,https://opentraits.org/members/brian-s-maitner,2022-08-18,,HAS_ACCEPTED_NAME,COL:63ZV8,Abramis brama,species,,Biota | Animalia | Chordata | Actinopterygii | Cypriniformes | Cyprinidae | Abramis | Abramis brama,COL:5T6MX | COL:N | COL:CH2 | COL:CT | COL:334 | COL:6248Q | COL:LQF | COL:63ZV8,unranked | kingdom | phylum | class | order | family | genus | species,https://www.catalogueoflife.org/data/taxon/63ZV8,Animalia,Chordata,Cyprinidae,digestion efficiency of food to reserve,UNCATEGORIZED_TRAIT
,Abramis brama,,,,Leuciscidae,Chordata,,energy conductance,,,,https://opentraits.org/datasets/amp,1,https://opentraits.org/members/brian-s-maitner,2022-08-18,,HAS_ACCEPTED_NAME,COL:63ZV8,Abramis brama,species,,Biota | Animalia | Chordata | Actinopterygii | Cypriniformes | Cyprinidae | Abramis | Abramis brama,COL:5T6MX | COL:N | COL:CH2 | COL:CT | COL:334 | COL:6248Q | COL:LQF | COL:63ZV8,unranked | kingdom | phylum | class | order | family | genus | species,https://www.catalogueoflife.org/data/taxon/63ZV8,Animalia,Chordata,Cyprinidae,energy conductance,UNCATEGORIZED_TRAIT
,Abramis brama,,,,Leuciscidae,Chordata,,faecation efficiency of food to faeces,,,,https://opentraits.org/datasets/amp,1,https://opentraits.org/members/brian-s-maitner,2022-08-18,,HAS_ACCEPTED_NAME,COL:63ZV8,Abramis brama,species,,Biota | Animalia | Chordata | Actinopterygii | Cypriniformes | Cyprinidae | Abramis | Abramis brama,COL:5T6MX | COL:N | COL:CH2 | COL:CT | COL:334 | COL:6248Q | COL:LQF | COL:63ZV8,unranked | kingdom | phylum | class | order | family | genus | species,https://www.catalogueoflife.org/data/taxon/63ZV8,Animalia,Chordata,Cyprinidae,faecation efficiency of food to faeces,UNCATEGORIZED_TRAIT
,Abramis brama,,,,Leuciscidae,Chordata,,Gompertz stress coefficient,,,,https://opentraits.org/datasets/amp,1,https://opentraits.org/members/brian-s-maitner,2022-08-18,,HAS_ACCEPTED_NAME,COL:63ZV8,Abramis brama,species,,Biota | Animalia | Chordata | Actinopterygii | Cypriniformes | Cyprinidae | Abramis | Abramis brama,COL:5T6MX | COL:N | COL:CH2 | COL:CT | COL:334 | COL:6248Q | COL:LQF | COL:63ZV8,unranked | kingdom | phylum | class | order | family | genus | species,https://www.catalogueoflife.org/data/taxon/63ZV8,Animalia,Chordata,Cyprinidae,Gompertz stress coefficient,UNCATEGORIZED_TRAIT
,Abramis brama,,,,Leuciscidae,Chordata,,maturity at birth,,,,https://opentraits.org/datasets/amp,1,https://opentraits.org/members/brian-s-maitner,2022-08-18,,HAS_ACCEPTED_NAME,COL:63ZV8,Abramis brama,species,,Biota | Animalia | Chordata | Actinopterygii | Cypriniformes | Cyprinidae | Abramis | Abramis brama,COL:5T6MX | COL:N | COL:CH2 | COL:CT | COL:334 | COL:6248Q | COL:LQF | COL:63ZV8,unranked | kingdom | phylum | class | order | family | genus | species,https://www.catalogueoflife.org/data/taxon/63ZV8,Animalia,Chordata,Cyprinidae,maturity at birth,UNCATEGORIZED_TRAIT
,Abramis brama,,,,Leuciscidae,Chordata,,maturity at metam,,,,https://opentraits.org/datasets/amp,1,https://opentraits.org/members/brian-s-maitner,2022-08-18,,HAS_ACCEPTED_NAME,COL:63ZV8,Abramis brama,species,,Biota | Animalia | Chordata | Actinopterygii | Cypriniformes | Cyprinidae | Abramis | Abramis brama,COL:5T6MX | COL:N | COL:CH2 | COL:CT | COL:334 | COL:6248Q | COL:LQF | COL:63ZV8,unranked | kingdom | phylum | class | order | family | genus | species,https://www.catalogueoflife.org/data/taxon/63ZV8,Animalia,Chordata,Cyprinidae,maturity at metam,UNCATEGORIZED_TRAIT
,Abramis brama,,,,Leuciscidae,Chordata,,maturity at puberty,,,,https://opentraits.org/datasets/amp,1,https://opentraits.org/members/brian-s-maitner,2022-08-18,,HAS_ACCEPTED_NAME,COL:63ZV8,Abramis brama,species,,Biota | Animalia | Chordata | Actinopterygii | Cypriniformes | Cyprinidae | Abramis | Abramis brama,COL:5T6MX | COL:N | COL:CH2 | COL:CT | COL:334 | COL:6248Q | COL:LQF | COL:63ZV8,unranked | kingdom | phylum | class | order | family | genus | species,https://www.catalogueoflife.org/data/taxon/63ZV8,Animalia,Chordata,Cyprinidae,maturity at puberty,UNCATEGORIZED_TRAIT
,Abramis brama,,,,Leuciscidae,Chordata,,maturity at puberty for males,,,,https://opentraits.org/datasets/amp,1,https://opentraits.org/members/brian-s-maitner,2022-08-18,,HAS_ACCEPTED_NAME,COL:63ZV8,Abramis brama,species,,Biota | Animalia | Chordata | Actinopterygii | Cypriniformes | Cyprinidae | Abramis | Abramis brama,COL:5T6MX | COL:N | COL:CH2 | COL:CT | COL:334 | COL:6248Q | COL:LQF | COL:63ZV8,unranked | kingdom | phylum | class | order | family | genus | species,https://www.catalogueoflife.org/data/taxon/63ZV8,Animalia,Chordata,Cyprinidae,maturity at puberty for males,UNCATEGORIZED_TRAIT
,Abramis brama,,,,Leuciscidae,Chordata,,maturity maint rate coefficient,,,,https://opentraits.org/datasets/amp,1,https://opentraits.org/members/brian-s-maitner,2022-08-18,,HAS_ACCEPTED_NAME,COL:63ZV8,Abramis brama,species,,Biota | Animalia | Chordata | Actinopterygii | Cypriniformes | Cyprinidae | Abramis | Abramis brama,COL:5T6MX | COL:N | COL:CH2 | COL:CT | COL:334 | COL:6248Q | COL:LQF | COL:63ZV8,unranked | kingdom | phylum | class | order | family | genus | species,https://www.catalogueoflife.org/data/taxon/63ZV8,Animalia,Chordata,Cyprinidae,maturity maint rate coefficient,UNCATEGORIZED_TRAIT
